{"800_0.04": 17101.914863047827, "800_0.05": 17215.43341192309, "800_0.06": 17254.147225452645, "900_0.04": 17099.87266831238, "900_0.05": 17218.184044480044, "900_0.06": 17253.155825071546, "1000_0.04": 17102.85140413108, "1000_0.05": 17218.33831593305, "1000_0.06": 17254.191515815965, "1100_0.04": 17103.985766481153, "1100_0.05": 17219.362601083896, "1100_0.06": 17254.870000213894, "1200_0.04": 17106.789192019558, "1200_0.05": 17222.035351049217, "1200_0.06": 17255.506812322725}